minx,miny,maxx,maxy
2184.996146517573,2206.4242889340967,2228.596089881903,2246.880641972646
2184.996146517573,2206.4242889340967,2228.596089881903,2246.880641972646
2184.996146517573,2206.4242889340967,2228.596089881903,2246.880641972646
2184.996146517573,2206.4242889340967,2228.596089881903,2246.880641972646
2184.996146517573,2206.4242889340967,2228.596089881903,2246.880641972646
2184.996146517573,2206.4242889340967,2228.596089881903,2246.880641972646
2184.996146517573,2206.4242889340967,2228.596089881903,2246.880641972646
2184.996146517573,2206.4242889340967,2228.596089881903,2246.880641972646
2184.996146517573,2206.4242889340967,2228.596089881903,2246.880641972646
2184.996146517573,2206.4242889340967,2228.596089881903,2246.880641972646
2184.996146517573,2206.4242889340967,2228.596089881903,2246.880641972646
2184.996146517573,2206.4242889340967,2228.596089881903,2246.880641972646
2184.996146517573,2206.4242889340967,2228.596089881903,2246.880641972646
2184.996146517573,2206.4242889340967,2228.596089881903,2246.880641972646
2184.996146517573,2206.4242889340967,2228.596089881903,2246.880641972646
2184.996146517573,2206.4242889340967,2228.596089881903,2246.880641972646
2184.996146517573,2206.4242889340967,2228.596089881903,2246.880641972646
2184.996146517573,2206.4242889340967,2228.596089881903,2246.880641972646
2184.996146517573,2206.4242889340967,2228.596089881903,2246.880641972646
2184.996146517573,2206.4242889340967,2228.596089881903,2246.880641972646
2184.996146517573,2206.4242889340967,2228.596089881903,2246.880641972646
2184.996146517573,2206.4242889340967,2228.596089881903,2246.880641972646
2184.996146517573,2206.4242889340967,2228.596089881903,2246.880641972646
2184.996146517573,2206.4242889340967,2228.596089881903,2246.880641972646
2184.996146517573,2206.4242889340967,2228.596089881903,2246.880641972646
2184.996146517573,2206.4242889340967,2228.596089881903,2246.880641972646
2184.996146517573,2206.4242889340967,2228.596089881903,2246.880641972646
2184.996146517573,2206.4242889340967,2228.596089881903,2246.880641972646
2184.996146517573,2206.4242889340967,2228.596089881903,2246.880641972646
2184.996146517573,2206.4242889340967,2228.596089881903,2246.880641972646
2184.996146517573,2206.4242889340967,2228.596089881903,2246.880641972646
2184.996146517573,2206.4242889340967,2228.596089881903,2246.880641972646
2184.996146517573,2206.4242889340967,2228.596089881903,2246.880641972646
2184.996146517573,2206.4242889340967,2228.596089881903,2246.880641972646
2184.996146517573,2206.4242889340967,2228.596089881903,2246.880641972646
2184.996146517573,2206.4242889340967,2228.596089881903,2246.880641972646
2184.996146517573,2206.4242889340967,2228.596089881903,2246.880641972646
2184.996146517573,2206.4242889340967,2228.596089881903,2246.880641972646
2184.996146517573,2206.4242889340967,2228.596089881903,2246.880641972646
2184.996146517573,2206.4242889340967,2228.596089881903,2246.880641972646
2184.996146517573,2206.4242889340967,2228.596089881903,2246.880641972646
2184.996146517573,2206.4242889340967,2228.596089881903,2246.880641972646
2184.996146517573,2206.4242889340967,2228.596089881903,2246.880641972646
2184.996146517573,2206.4242889340967,2228.596089881903,2246.880641972646
2184.996146517573,2206.4242889340967,2228.596089881903,2246.880641972646
2184.996146517573,2206.4242889340967,2228.596089881903,2246.880641972646
2184.996146517573,2206.4242889340967,2228.596089881903,2246.880641972646
2184.996146517573,2206.4242889340967,2228.596089881903,2246.880641972646
2184.996146517573,2206.4242889340967,2228.596089881903,2246.880641972646
2184.996146517573,2206.4242889340967,2228.596089881903,2246.880641972646
2184.996146517573,2206.4242889340967,2228.596089881903,2246.880641972646
2184.996146517573,2206.4242889340967,2228.596089881903,2246.880641972646
2184.996146517573,2206.4242889340967,2228.596089881903,2246.880641972646
2184.996146517573,2206.4242889340967,2228.596089881903,2246.880641972646
2184.996146517573,2206.4242889340967,2228.596089881903,2246.880641972646
2184.996146517573,2206.4242889340967,2228.596089881903,2246.880641972646
2184.996146517573,2206.4242889340967,2228.596089881903,2246.880641972646
2184.996146517573,2206.4242889340967,2228.596089881903,2246.880641972646
2184.996146517573,2206.4242889340967,2228.596089881903,2246.880641972646
2184.996146517573,2206.4242889340967,2228.596089881903,2246.880641972646
2184.996146517573,2206.4242889340967,2228.596089881903,2246.880641972646
2184.996146517573,2206.4242889340967,2228.596089881903,2246.880641972646
2184.996146517573,2206.4242889340967,2228.596089881903,2246.880641972646
2184.996146517573,2206.4242889340967,2228.596089881903,2246.880641972646
2184.996146517573,2206.4242889340967,2228.596089881903,2246.880641972646
2184.996146517573,2206.4242889340967,2228.596089881903,2246.880641972646
2184.996146517573,2206.4242889340967,2228.596089881903,2246.880641972646
2184.996146517573,2206.4242889340967,2228.596089881903,2246.880641972646
2184.996146517573,2206.4242889340967,2228.596089881903,2246.880641972646
2184.996146517573,2206.4242889340967,2228.596089881903,2246.880641972646
2184.996146517573,2206.4242889340967,2228.596089881903,2246.880641972646
2184.996146517573,2206.4242889340967,2228.596089881903,2246.880641972646
2184.996146517573,2206.4242889340967,2228.596089881903,2246.880641972646
2184.996146517573,2206.4242889340967,2228.596089881903,2246.880641972646
2184.996146517573,2206.4242889340967,2228.596089881903,2246.880641972646
2184.996146517573,2206.4242889340967,2228.596089881903,2246.880641972646
2184.996146517573,2206.4242889340967,2228.596089881903,2246.880641972646
2184.996146517573,2206.4242889340967,2228.596089881903,2246.880641972646
2184.996146517573,2206.4242889340967,2228.596089881903,2246.880641972646
2184.996146517573,2206.4242889340967,2228.596089881903,2246.880641972646
2184.996146517573,2206.4242889340967,2228.596089881903,2246.880641972646
2184.996146517573,2206.4242889340967,2228.596089881903,2246.880641972646
2184.996146517573,2206.4242889340967,2228.596089881903,2246.880641972646
2184.996146517573,2206.4242889340967,2228.596089881903,2246.880641972646
2184.996146517573,2206.4242889340967,2228.596089881903,2246.880641972646
2184.996146517573,2206.4242889340967,2228.596089881903,2246.880641972646
2184.996146517573,2206.4242889340967,2228.596089881903,2246.880641972646
2184.996146517573,2206.4242889340967,2228.596089881903,2246.880641972646
2184.996146517573,2206.4242889340967,2228.596089881903,2246.880641972646
2184.996146517573,2206.4242889340967,2228.596089881903,2246.880641972646
2184.996146517573,2206.4242889340967,2228.596089881903,2246.880641972646
2184.996146517573,2206.4242889340967,2228.596089881903,2246.880641972646
2184.996146517573,2206.4242889340967,2228.596089881903,2246.880641972646
2184.996146517573,2206.4242889340967,2228.596089881903,2246.880641972646
2184.996146517573,2206.4242889340967,2228.596089881903,2246.880641972646
2184.996146517573,2206.4242889340967,2228.596089881903,2246.880641972646
2184.996146517573,2206.4242889340967,2228.596089881903,2246.880641972646
2184.996146517573,2206.4242889340967,2228.596089881903,2246.880641972646
2184.996146517573,2206.4242889340967,2228.596089881903,2246.880641972646
2184.996146517573,2206.4242889340967,2228.596089881903,2246.880641972646
2184.996146517573,2206.4242889340967,2228.596089881903,2246.880641972646
2184.996146517573,2206.4242889340967,2228.596089881903,2246.880641972646
2184.996146517573,2206.4242889340967,2228.596089881903,2246.880641972646
2184.996146517573,2206.4242889340967,2228.596089881903,2246.880641972646
2184.996146517573,2206.4242889340967,2228.596089881903,2246.880641972646
2184.996146517573,2206.4242889340967,2228.596089881903,2246.880641972646
2184.996146517573,2206.4242889340967,2228.596089881903,2246.880641972646
2184.996146517573,2206.4242889340967,2228.596089881903,2246.880641972646
2184.996146517573,2206.4242889340967,2228.596089881903,2246.880641972646
2184.996146517573,2206.4242889340967,2228.596089881903,2246.880641972646
2184.996146517573,2206.4242889340967,2228.596089881903,2246.880641972646
2184.996146517573,2206.4242889340967,2228.596089881903,2246.880641972646
2184.996146517573,2206.4242889340967,2228.596089881903,2246.880641972646
2184.996146517573,2206.4242889340967,2228.596089881903,2246.880641972646
2184.996146517573,2206.4242889340967,2228.596089881903,2246.880641972646
2184.996146517573,2206.4242889340967,2228.596089881903,2246.880641972646
2184.996146517573,2206.4242889340967,2228.596089881903,2246.880641972646
2184.996146517573,2206.4242889340967,2228.596089881903,2246.880641972646
2184.996146517573,2206.4242889340967,2228.596089881903,2246.880641972646
2184.996146517573,2206.4242889340967,2228.596089881903,2246.880641972646
2184.996146517573,2206.4242889340967,2228.596089881903,2246.880641972646
2184.996146517573,2206.4242889340967,2228.596089881903,2246.880641972646
2184.996146517573,2206.4242889340967,2228.596089881903,2246.880641972646
2184.996146517573,2206.4242889340967,2228.596089881903,2246.880641972646
2184.996146517573,2206.4242889340967,2228.596089881903,2246.880641972646
2184.996146517573,2206.4242889340967,2228.596089881903,2246.880641972646
2184.996146517573,2206.4242889340967,2228.596089881903,2246.880641972646
2184.996146517573,2206.4242889340967,2228.596089881903,2246.880641972646
2184.996146517573,2206.4242889340967,2228.596089881903,2246.880641972646
2184.996146517573,2206.4242889340967,2228.596089881903,2246.880641972646
2184.996146517573,2206.4242889340967,2228.596089881903,2246.880641972646
2184.996146517573,2206.4242889340967,2228.596089881903,2246.880641972646
2184.996146517573,2206.4242889340967,2228.596089881903,2246.880641972646
2184.996146517573,2206.4242889340967,2228.596089881903,2246.880641972646
2184.996146517573,2206.4242889340967,2228.596089881903,2246.880641972646
2184.996146517573,2206.4242889340967,2228.596089881903,2246.880641972646
2184.996146517573,2206.4242889340967,2228.596089881903,2246.880641972646
2184.996146517573,2206.4242889340967,2228.596089881903,2246.880641972646
2184.996146517573,2206.4242889340967,2228.596089881903,2246.880641972646
2184.996146517573,2206.4242889340967,2228.596089881903,2246.880641972646
2184.996146517573,2206.4242889340967,2228.596089881903,2246.880641972646
2184.996146517573,2206.4242889340967,2228.596089881903,2246.880641972646
2184.996146517573,2206.4242889340967,2228.596089881903,2246.880641972646
2184.996146517573,2206.4242889340967,2228.596089881903,2246.880641972646
2184.996146517573,2206.4242889340967,2228.596089881903,2246.880641972646
2184.996146517573,2206.4242889340967,2228.596089881903,2246.880641972646
2184.996146517573,2206.4242889340967,2228.596089881903,2246.880641972646
2184.996146517573,2206.4242889340967,2228.596089881903,2246.880641972646
2184.996146517573,2206.4242889340967,2228.596089881903,2246.880641972646
2184.996146517573,2206.4242889340967,2228.596089881903,2246.880641972646
2184.996146517573,2206.4242889340967,2228.596089881903,2246.880641972646
2184.996146517573,2206.4242889340967,2228.596089881903,2246.880641972646
2184.996146517573,2206.4242889340967,2228.596089881903,2246.880641972646
2184.996146517573,2206.4242889340967,2228.596089881903,2246.880641972646
2184.996146517573,2206.4242889340967,2228.596089881903,2246.880641972646
2184.996146517573,2206.4242889340967,2228.596089881903,2246.880641972646
2184.996146517573,2206.4242889340967,2228.596089881903,2246.880641972646
2184.996146517573,2206.4242889340967,2228.596089881903,2246.880641972646
2184.996146517573,2206.4242889340967,2228.596089881903,2246.880641972646
2184.996146517573,2206.4242889340967,2228.596089881903,2246.880641972646
2184.996146517573,2206.4242889340967,2228.596089881903,2246.880641972646
2184.996146517573,2206.4242889340967,2228.596089881903,2246.880641972646
2184.996146517573,2206.4242889340967,2228.596089881903,2246.880641972646
2184.996146517573,2206.4242889340967,2228.596089881903,2246.880641972646
2184.996146517573,2206.4242889340967,2228.596089881903,2246.880641972646
2184.996146517573,2206.4242889340967,2228.596089881903,2246.880641972646
2184.996146517573,2206.4242889340967,2228.596089881903,2246.880641972646
2184.996146517573,2206.4242889340967,2228.596089881903,2246.880641972646
2184.996146517573,2206.4242889340967,2228.596089881903,2246.880641972646
2184.996146517573,2206.4242889340967,2228.596089881903,2246.880641972646
2184.996146517573,2206.4242889340967,2228.596089881903,2246.880641972646
2184.996146517573,2206.4242889340967,2228.596089881903,2246.880641972646
2184.996146517573,2206.4242889340967,2228.596089881903,2246.880641972646
2184.996146517573,2206.4242889340967,2228.596089881903,2246.880641972646
2184.996146517573,2206.4242889340967,2228.596089881903,2246.880641972646
2184.996146517573,2206.4242889340967,2228.596089881903,2246.880641972646
2184.996146517573,2206.4242889340967,2228.596089881903,2246.880641972646
2184.996146517573,2206.4242889340967,2228.596089881903,2246.880641972646
2184.996146517573,2206.4242889340967,2228.596089881903,2246.880641972646
2184.996146517573,2206.4242889340967,2228.596089881903,2246.880641972646
2184.996146517573,2206.4242889340967,2228.596089881903,2246.880641972646
2184.996146517573,2206.4242889340967,2228.596089881903,2246.880641972646
2184.996146517573,2206.4242889340967,2228.596089881903,2246.880641972646
2184.996146517573,2206.4242889340967,2228.596089881903,2246.880641972646
2184.996146517573,2206.4242889340967,2228.596089881903,2246.880641972646
2184.996146517573,2206.4242889340967,2228.596089881903,2246.880641972646
2184.996146517573,2206.4242889340967,2228.596089881903,2246.880641972646
2184.996146517573,2206.4242889340967,2228.596089881903,2246.880641972646
2184.996146517573,2206.4242889340967,2228.596089881903,2246.880641972646
2184.996146517573,2206.4242889340967,2228.596089881903,2246.880641972646
2184.996146517573,2206.4242889340967,2228.596089881903,2246.880641972646
2184.996146517573,2206.4242889340967,2228.596089881903,2246.880641972646
2184.996146517573,2206.4242889340967,2228.596089881903,2246.880641972646
2184.996146517573,2206.4242889340967,2228.596089881903,2246.880641972646
2184.996146517573,2206.4242889340967,2228.596089881903,2246.880641972646
2184.996146517573,2206.4242889340967,2228.596089881903,2246.880641972646
2184.996146517573,2206.4242889340967,2228.596089881903,2246.880641972646
2184.996146517573,2206.4242889340967,2228.596089881903,2246.880641972646
2184.996146517573,2206.4242889340967,2228.596089881903,2246.880641972646
2184.996146517573,2206.4242889340967,2228.596089881903,2246.880641972646
2184.996146517573,2206.4242889340967,2228.596089881903,2246.880641972646
2184.996146517573,2206.4242889340967,2228.596089881903,2246.880641972646
2184.996146517573,2206.4242889340967,2228.596089881903,2246.880641972646
2184.996146517573,2206.4242889340967,2228.596089881903,2246.880641972646
2184.996146517573,2206.4242889340967,2228.596089881903,2246.880641972646
2184.996146517573,2206.4242889340967,2228.596089881903,2246.880641972646
2184.996146517573,2206.4242889340967,2228.596089881903,2246.880641972646
2184.996146517573,2206.4242889340967,2228.596089881903,2246.880641972646
2184.996146517573,2206.4242889340967,2228.596089881903,2246.880641972646
2184.996146517573,2206.4242889340967,2228.596089881903,2246.880641972646
2184.996146517573,2206.4242889340967,2228.596089881903,2246.880641972646
2184.996146517573,2206.4242889340967,2228.596089881903,2246.880641972646
2184.996146517573,2206.4242889340967,2228.596089881903,2246.880641972646
2184.996146517573,2206.4242889340967,2228.596089881903,2246.880641972646
2184.996146517573,2206.4242889340967,2228.596089881903,2246.880641972646
2184.996146517573,2206.4242889340967,2228.596089881903,2246.880641972646
2184.996146517573,2206.4242889340967,2228.596089881903,2246.880641972646
2184.996146517573,2206.4242889340967,2228.596089881903,2246.880641972646
2184.996146517573,2206.4242889340967,2228.596089881903,2246.880641972646
2184.996146517573,2206.4242889340967,2228.596089881903,2246.880641972646
2184.996146517573,2206.4242889340967,2228.596089881903,2246.880641972646
2184.996146517573,2206.4242889340967,2228.596089881903,2246.880641972646
2184.996146517573,2206.4242889340967,2228.596089881903,2246.880641972646
2184.996146517573,2206.4242889340967,2228.596089881903,2246.880641972646
2184.996146517573,2206.4242889340967,2228.596089881903,2246.880641972646
2184.996146517573,2206.4242889340967,2228.596089881903,2246.880641972646
2184.996146517573,2206.4242889340967,2228.596089881903,2246.880641972646
2184.996146517573,2206.4242889340967,2228.596089881903,2246.880641972646
2184.996146517573,2206.4242889340967,2228.596089881903,2246.880641972646
2184.996146517573,2206.4242889340967,2228.596089881903,2246.880641972646
2184.996146517573,2206.4242889340967,2228.596089881903,2246.880641972646
2184.996146517573,2206.4242889340967,2228.596089881903,2246.880641972646
2184.996146517573,2206.4242889340967,2228.596089881903,2246.880641972646
2184.996146517573,2206.4242889340967,2228.596089881903,2246.880641972646
2184.996146517573,2206.4242889340967,2228.596089881903,2246.880641972646
2184.996146517573,2206.4242889340967,2228.596089881903,2246.880641972646
2184.996146517573,2206.4242889340967,2228.596089881903,2246.880641972646
2184.996146517573,2206.4242889340967,2228.596089881903,2246.880641972646
2184.996146517573,2206.4242889340967,2228.596089881903,2246.880641972646
2184.996146517573,2206.4242889340967,2228.596089881903,2246.880641972646
2184.996146517573,2206.4242889340967,2228.596089881903,2246.880641972646
2184.996146517573,2206.4242889340967,2228.596089881903,2246.880641972646
2184.996146517573,2206.4242889340967,2228.596089881903,2246.880641972646
2184.996146517573,2206.4242889340967,2228.596089881903,2246.880641972646
2184.996146517573,2206.4242889340967,2228.596089881903,2246.880641972646
2184.996146517573,2206.4242889340967,2228.596089881903,2246.880641972646
2184.996146517573,2206.4242889340967,2228.596089881903,2246.880641972646
2184.996146517573,2206.4242889340967,2228.596089881903,2246.880641972646
2184.996146517573,2206.4242889340967,2228.596089881903,2246.880641972646
2184.996146517573,2206.4242889340967,2228.596089881903,2246.880641972646
2184.996146517573,2206.4242889340967,2228.596089881903,2246.880641972646
2184.996146517573,2206.4242889340967,2228.596089881903,2246.880641972646
2184.996146517573,2206.4242889340967,2228.596089881903,2246.880641972646
2184.996146517573,2206.4242889340967,2228.596089881903,2246.880641972646
2184.996146517573,2206.4242889340967,2228.596089881903,2246.880641972646
2184.996146517573,2206.4242889340967,2228.596089881903,2246.880641972646
2184.996146517573,2206.4242889340967,2228.596089881903,2246.880641972646
2184.996146517573,2206.4242889340967,2228.596089881903,2246.880641972646
2184.996146517573,2206.4242889340967,2228.596089881903,2246.880641972646
2184.996146517573,2206.4242889340967,2228.596089881903,2246.880641972646
2184.996146517573,2206.4242889340967,2228.596089881903,2246.880641972646
2184.996146517573,2206.4242889340967,2228.596089881903,2246.880641972646
2184.996146517573,2206.4242889340967,2228.596089881903,2246.880641972646
2184.996146517573,2206.4242889340967,2228.596089881903,2246.880641972646
2184.996146517573,2206.4242889340967,2228.596089881903,2246.880641972646
2184.996146517573,2206.4242889340967,2228.596089881903,2246.880641972646
2184.996146517573,2206.4242889340967,2228.596089881903,2246.880641972646
2184.996146517573,2206.4242889340967,2228.596089881903,2246.880641972646
2184.996146517573,2206.4242889340967,2228.596089881903,2246.880641972646
2184.996146517573,2206.4242889340967,2228.596089881903,2246.880641972646
2184.996146517573,2206.4242889340967,2228.596089881903,2246.880641972646
2184.996146517573,2206.4242889340967,2228.596089881903,2246.880641972646
2184.996146517573,2206.4242889340967,2228.596089881903,2246.880641972646
2184.996146517573,2206.4242889340967,2228.596089881903,2246.880641972646
2184.996146517573,2206.4242889340967,2228.596089881903,2246.880641972646
2184.996146517573,2206.4242889340967,2228.596089881903,2246.880641972646
2184.996146517573,2206.4242889340967,2228.596089881903,2246.880641972646
2184.996146517573,2206.4242889340967,2228.596089881903,2246.880641972646
2184.996146517573,2206.4242889340967,2228.596089881903,2246.880641972646
2184.996146517573,2206.4242889340967,2228.596089881903,2246.880641972646
2184.996146517573,2206.4242889340967,2228.596089881903,2246.880641972646
2184.996146517573,2206.4242889340967,2228.596089881903,2246.880641972646
2184.996146517573,2206.4242889340967,2228.596089881903,2246.880641972646
2184.996146517573,2206.4242889340967,2228.596089881903,2246.880641972646
2184.996146517573,2206.4242889340967,2228.596089881903,2246.880641972646
2184.996146517573,2206.4242889340967,2228.596089881903,2246.880641972646
2184.996146517573,2206.4242889340967,2228.596089881903,2246.880641972646
2184.996146517573,2206.4242889340967,2228.596089881903,2246.880641972646
2184.996146517573,2206.4242889340967,2228.596089881903,2246.880641972646
2184.996146517573,2206.4242889340967,2228.596089881903,2246.880641972646
2184.996146517573,2206.4242889340967,2228.596089881903,2246.880641972646
2184.996146517573,2206.4242889340967,2228.596089881903,2246.880641972646
2184.996146517573,2206.4242889340967,2228.596089881903,2246.880641972646
2184.996146517573,2206.4242889340967,2228.596089881903,2246.880641972646
2184.996146517573,2206.4242889340967,2228.596089881903,2246.880641972646
2184.996146517573,2206.4242889340967,2228.596089881903,2246.880641972646
2184.996146517573,2206.4242889340967,2228.596089881903,2246.880641972646
2184.996146517573,2206.4242889340967,2228.596089881903,2246.880641972646
2184.996146517573,2206.4242889340967,2228.596089881903,2246.880641972646
2184.996146517573,2206.4242889340967,2228.596089881903,2246.880641972646
2184.996146517573,2206.4242889340967,2228.596089881903,2246.880641972646
2184.996146517573,2206.4242889340967,2228.596089881903,2246.880641972646
2184.996146517573,2206.4242889340967,2228.596089881903,2246.880641972646
2184.996146517573,2206.4242889340967,2228.596089881903,2246.880641972646
2184.996146517573,2206.4242889340967,2228.596089881903,2246.880641972646
2184.996146517573,2206.4242889340967,2228.596089881903,2246.880641972646
2184.996146517573,2206.4242889340967,2228.596089881903,2246.880641972646
2184.996146517573,2206.4242889340967,2228.596089881903,2246.880641972646
2184.996146517573,2206.4242889340967,2228.596089881903,2246.880641972646
2184.996146517573,2206.4242889340967,2228.596089881903,2246.880641972646
2184.996146517573,2206.4242889340967,2228.596089881903,2246.880641972646
2184.996146517573,2206.4242889340967,2228.596089881903,2246.880641972646
2184.996146517573,2206.4242889340967,2228.596089881903,2246.880641972646
2184.996146517573,2206.4242889340967,2228.596089881903,2246.880641972646
2184.996146517573,2206.4242889340967,2228.596089881903,2246.880641972646
2184.996146517573,2206.4242889340967,2228.596089881903,2246.880641972646
2184.996146517573,2206.4242889340967,2228.596089881903,2246.880641972646
2184.996146517573,2206.4242889340967,2228.596089881903,2246.880641972646
2184.996146517573,2206.4242889340967,2228.596089881903,2246.880641972646
2184.996146517573,2206.4242889340967,2228.596089881903,2246.880641972646
2184.996146517573,2206.4242889340967,2228.596089881903,2246.880641972646
2184.996146517573,2206.4242889340967,2228.596089881903,2246.880641972646
2184.996146517573,2206.4242889340967,2228.596089881903,2246.880641972646
2184.996146517573,2206.4242889340967,2228.596089881903,2246.880641972646
2184.996146517573,2206.4242889340967,2228.596089881903,2246.880641972646
2184.996146517573,2206.4242889340967,2228.596089881903,2246.880641972646
2184.996146517573,2206.4242889340967,2228.596089881903,2246.880641972646
2184.996146517573,2206.4242889340967,2228.596089881903,2246.880641972646
2184.996146517573,2206.4242889340967,2228.596089881903,2246.880641972646
2184.996146517573,2206.4242889340967,2228.596089881903,2246.880641972646
2184.996146517573,2206.4242889340967,2228.596089881903,2246.880641972646
2184.996146517573,2206.4242889340967,2228.596089881903,2246.880641972646
2184.996146517573,2206.4242889340967,2228.596089881903,2246.880641972646
2184.996146517573,2206.4242889340967,2228.596089881903,2246.880641972646
2184.996146517573,2206.4242889340967,2228.596089881903,2246.880641972646
2184.996146517573,2206.4242889340967,2228.596089881903,2246.880641972646
2184.996146517573,2206.4242889340967,2228.596089881903,2246.880641972646
2184.996146517573,2206.4242889340967,2228.596089881903,2246.880641972646
2184.996146517573,2206.4242889340967,2228.596089881903,2246.880641972646
2184.996146517573,2206.4242889340967,2228.596089881903,2246.880641972646
2184.996146517573,2206.4242889340967,2228.596089881903,2246.880641972646
2184.996146517573,2206.4242889340967,2228.596089881903,2246.880641972646
2184.996146517573,2206.4242889340967,2228.596089881903,2246.880641972646
2184.996146517573,2206.4242889340967,2228.596089881903,2246.880641972646
2184.996146517573,2206.4242889340967,2228.596089881903,2246.880641972646
2184.996146517573,2206.4242889340967,2228.596089881903,2246.880641972646
2184.996146517573,2206.4242889340967,2228.596089881903,2246.880641972646
2184.996146517573,2206.4242889340967,2228.596089881903,2246.880641972646
2184.996146517573,2206.4242889340967,2228.596089881903,2246.880641972646
2184.996146517573,2206.4242889340967,2228.596089881903,2246.880641972646
2184.996146517573,2206.4242889340967,2228.596089881903,2246.880641972646
2184.996146517573,2206.4242889340967,2228.596089881903,2246.880641972646
2184.996146517573,2206.4242889340967,2228.596089881903,2246.880641972646
2184.996146517573,2206.4242889340967,2228.596089881903,2246.880641972646
2184.996146517573,2206.4242889340967,2228.596089881903,2246.880641972646
2184.996146517573,2206.4242889340967,2228.596089881903,2246.880641972646
2184.996146517573,2206.4242889340967,2228.596089881903,2246.880641972646
2184.996146517573,2206.4242889340967,2228.596089881903,2246.880641972646
2184.996146517573,2206.4242889340967,2228.596089881903,2246.880641972646
2184.996146517573,2206.4242889340967,2228.596089881903,2246.880641972646
2184.996146517573,2206.4242889340967,2228.596089881903,2246.880641972646
2184.996146517573,2206.4242889340967,2228.596089881903,2246.880641972646
2184.996146517573,2206.4242889340967,2228.596089881903,2246.880641972646
2184.996146517573,2206.4242889340967,2228.596089881903,2246.880641972646
2184.996146517573,2206.4242889340967,2228.596089881903,2246.880641972646
2184.996146517573,2206.4242889340967,2228.596089881903,2246.880641972646
2184.996146517573,2206.4242889340967,2228.596089881903,2246.880641972646
2184.996146517573,2206.4242889340967,2228.596089881903,2246.880641972646
2184.996146517573,2206.4242889340967,2228.596089881903,2246.880641972646
2184.996146517573,2206.4242889340967,2228.596089881903,2246.880641972646
2184.996146517573,2206.4242889340967,2228.596089881903,2246.880641972646
2184.996146517573,2206.4242889340967,2228.596089881903,2246.880641972646
2184.996146517573,2206.4242889340967,2228.596089881903,2246.880641972646
2184.996146517573,2206.4242889340967,2228.596089881903,2246.880641972646
2184.996146517573,2206.4242889340967,2228.596089881903,2246.880641972646
2184.996146517573,2206.4242889340967,2228.596089881903,2246.880641972646
2184.996146517573,2206.4242889340967,2228.596089881903,2246.880641972646
2184.996146517573,2206.4242889340967,2228.596089881903,2246.880641972646
2184.996146517573,2206.4242889340967,2228.596089881903,2246.880641972646
2184.996146517573,2206.4242889340967,2228.596089881903,2246.880641972646
2184.996146517573,2206.4242889340967,2228.596089881903,2246.880641972646
2184.996146517573,2206.4242889340967,2228.596089881903,2246.880641972646
2184.996146517573,2206.4242889340967,2228.596089881903,2246.880641972646
2184.996146517573,2206.4242889340967,2228.596089881903,2246.880641972646
2184.996146517573,2206.4242889340967,2228.596089881903,2246.880641972646
2184.996146517573,2206.4242889340967,2228.596089881903,2246.880641972646
2184.996146517573,2206.4242889340967,2228.596089881903,2246.880641972646
2184.996146517573,2206.4242889340967,2228.596089881903,2246.880641972646
2184.996146517573,2206.4242889340967,2228.596089881903,2246.880641972646
2184.996146517573,2206.4242889340967,2228.596089881903,2246.880641972646
2184.996146517573,2206.4242889340967,2228.596089881903,2246.880641972646
2184.996146517573,2206.4242889340967,2228.596089881903,2246.880641972646
2184.996146517573,2206.4242889340967,2228.596089881903,2246.880641972646
2184.996146517573,2206.4242889340967,2228.596089881903,2246.880641972646
2184.996146517573,2206.4242889340967,2228.596089881903,2246.880641972646
2184.996146517573,2206.4242889340967,2228.596089881903,2246.880641972646
2184.996146517573,2206.4242889340967,2228.596089881903,2246.880641972646
2184.996146517573,2206.4242889340967,2228.596089881903,2246.880641972646
2184.996146517573,2206.4242889340967,2228.596089881903,2246.880641972646
2184.996146517573,2206.4242889340967,2228.596089881903,2246.880641972646
2184.996146517573,2206.4242889340967,2228.596089881903,2246.880641972646
2184.996146517573,2206.4242889340967,2228.596089881903,2246.880641972646
2184.996146517573,2206.4242889340967,2228.596089881903,2246.880641972646
2184.996146517573,2206.4242889340967,2228.596089881903,2246.880641972646
2184.996146517573,2206.4242889340967,2228.596089881903,2246.880641972646
2184.996146517573,2206.4242889340967,2228.596089881903,2246.880641972646
2184.996146517573,2206.4242889340967,2228.596089881903,2246.880641972646
2184.996146517573,2206.4242889340967,2228.596089881903,2246.880641972646
2184.996146517573,2206.4242889340967,2228.596089881903,2246.880641972646
2184.996146517573,2206.4242889340967,2228.596089881903,2246.880641972646
2184.996146517573,2206.4242889340967,2228.596089881903,2246.880641972646
2184.996146517573,2206.4242889340967,2228.596089881903,2246.880641972646
2184.996146517573,2206.4242889340967,2228.596089881903,2246.880641972646
2184.996146517573,2206.4242889340967,2228.596089881903,2246.880641972646
2184.996146517573,2206.4242889340967,2228.596089881903,2246.880641972646
2184.996146517573,2206.4242889340967,2228.596089881903,2246.880641972646
2184.996146517573,2206.4242889340967,2228.596089881903,2246.880641972646
2184.996146517573,2206.4242889340967,2228.596089881903,2246.880641972646
2184.996146517573,2206.4242889340967,2228.596089881903,2246.880641972646
2184.996146517573,2206.4242889340967,2228.596089881903,2246.880641972646
2184.996146517573,2206.4242889340967,2228.596089881903,2246.880641972646
2184.996146517573,2206.4242889340967,2228.596089881903,2246.880641972646
2184.996146517573,2206.4242889340967,2228.596089881903,2246.880641972646
2184.996146517573,2206.4242889340967,2228.596089881903,2246.880641972646
2184.996146517573,2206.4242889340967,2228.596089881903,2246.880641972646
2184.996146517573,2206.4242889340967,2228.596089881903,2246.880641972646
2184.996146517573,2206.4242889340967,2228.596089881903,2246.880641972646
2184.996146517573,2206.4242889340967,2228.596089881903,2246.880641972646
2184.996146517573,2206.4242889340967,2228.596089881903,2246.880641972646
2184.996146517573,2206.4242889340967,2228.596089881903,2246.880641972646
2184.996146517573,2206.4242889340967,2228.596089881903,2246.880641972646
2184.996146517573,2206.4242889340967,2228.596089881903,2246.880641972646
2184.996146517573,2206.4242889340967,2228.596089881903,2246.880641972646
2184.996146517573,2206.4242889340967,2228.596089881903,2246.880641972646
2184.996146517573,2206.4242889340967,2228.596089881903,2246.880641972646
2184.996146517573,2206.4242889340967,2228.596089881903,2246.880641972646
2184.996146517573,2206.4242889340967,2228.596089881903,2246.880641972646
2184.996146517573,2206.4242889340967,2228.596089881903,2246.880641972646
2184.996146517573,2206.4242889340967,2228.596089881903,2246.880641972646
2184.996146517573,2206.4242889340967,2228.596089881903,2246.880641972646
2184.996146517573,2206.4242889340967,2228.596089881903,2246.880641972646
2184.996146517573,2206.4242889340967,2228.596089881903,2246.880641972646
2184.996146517573,2206.4242889340967,2228.596089881903,2246.880641972646
2184.996146517573,2206.4242889340967,2228.596089881903,2246.880641972646
2184.996146517573,2206.4242889340967,2228.596089881903,2246.880641972646
2184.996146517573,2206.4242889340967,2228.596089881903,2246.880641972646
2184.996146517573,2206.4242889340967,2228.596089881903,2246.880641972646
2184.996146517573,2206.4242889340967,2228.596089881903,2246.880641972646
2184.996146517573,2206.4242889340967,2228.596089881903,2246.880641972646
2184.996146517573,2206.4242889340967,2228.596089881903,2246.880641972646
2184.996146517573,2206.4242889340967,2228.596089881903,2246.880641972646
2184.996146517573,2206.4242889340967,2228.596089881903,2246.880641972646
2184.996146517573,2206.4242889340967,2228.596089881903,2246.880641972646
2184.996146517573,2206.4242889340967,2228.596089881903,2246.880641972646
2184.996146517573,2206.4242889340967,2228.596089881903,2246.880641972646
2184.996146517573,2206.4242889340967,2228.596089881903,2246.880641972646
2184.996146517573,2206.4242889340967,2228.596089881903,2246.880641972646
2184.996146517573,2206.4242889340967,2228.596089881903,2246.880641972646
2184.996146517573,2206.4242889340967,2228.596089881903,2246.880641972646
2184.996146517573,2206.4242889340967,2228.596089881903,2246.880641972646
2184.996146517573,2206.4242889340967,2228.596089881903,2246.880641972646
2184.996146517573,2206.4242889340967,2228.596089881903,2246.880641972646
2184.996146517573,2206.4242889340967,2228.596089881903,2246.880641972646
2184.996146517573,2206.4242889340967,2228.596089881903,2246.880641972646
2184.996146517573,2206.4242889340967,2228.596089881903,2246.880641972646
2184.996146517573,2206.4242889340967,2228.596089881903,2246.880641972646
2184.996146517573,2206.4242889340967,2228.596089881903,2246.880641972646
2184.996146517573,2206.4242889340967,2228.596089881903,2246.880641972646
2184.996146517573,2206.4242889340967,2228.596089881903,2246.880641972646
2184.996146517573,2206.4242889340967,2228.596089881903,2246.880641972646
2184.996146517573,2206.4242889340967,2228.596089881903,2246.880641972646
2184.996146517573,2206.4242889340967,2228.596089881903,2246.880641972646
2184.996146517573,2206.4242889340967,2228.596089881903,2246.880641972646
2184.996146517573,2206.4242889340967,2228.596089881903,2246.880641972646
2184.996146517573,2206.4242889340967,2228.596089881903,2246.880641972646
2184.996146517573,2206.4242889340967,2228.596089881903,2246.880641972646
2184.996146517573,2206.4242889340967,2228.596089881903,2246.880641972646
2184.996146517573,2206.4242889340967,2228.596089881903,2246.880641972646
2184.996146517573,2206.4242889340967,2228.596089881903,2246.880641972646
2184.996146517573,2206.4242889340967,2228.596089881903,2246.880641972646
2184.996146517573,2206.4242889340967,2228.596089881903,2246.880641972646
2184.996146517573,2206.4242889340967,2228.596089881903,2246.880641972646
2184.996146517573,2206.4242889340967,2228.596089881903,2246.880641972646
2184.996146517573,2206.4242889340967,2228.596089881903,2246.880641972646
2184.996146517573,2206.4242889340967,2228.596089881903,2246.880641972646
2184.996146517573,2206.4242889340967,2228.596089881903,2246.880641972646
2184.996146517573,2206.4242889340967,2228.596089881903,2246.880641972646
2184.996146517573,2206.4242889340967,2228.596089881903,2246.880641972646
2184.996146517573,2206.4242889340967,2228.596089881903,2246.880641972646
2184.996146517573,2206.4242889340967,2228.596089881903,2246.880641972646
2184.996146517573,2206.4242889340967,2228.596089881903,2246.880641972646
2184.996146517573,2206.4242889340967,2228.596089881903,2246.880641972646
2184.996146517573,2206.4242889340967,2228.596089881903,2246.880641972646
2184.996146517573,2206.4242889340967,2228.596089881903,2246.880641972646
2184.996146517573,2206.4242889340967,2228.596089881903,2246.880641972646
2184.996146517573,2206.4242889340967,2228.596089881903,2246.880641972646
2184.996146517573,2206.4242889340967,2228.596089881903,2246.880641972646
2184.996146517573,2206.4242889340967,2228.596089881903,2246.880641972646
2184.996146517573,2206.4242889340967,2228.596089881903,2246.880641972646
2184.996146517573,2206.4242889340967,2228.596089881903,2246.880641972646
2184.996146517573,2206.4242889340967,2228.596089881903,2246.880641972646
2184.996146517573,2206.4242889340967,2228.596089881903,2246.880641972646
2184.996146517573,2206.4242889340967,2228.596089881903,2246.880641972646
2184.996146517573,2206.4242889340967,2228.596089881903,2246.880641972646
2184.996146517573,2206.4242889340967,2228.596089881903,2246.880641972646
2184.996146517573,2206.4242889340967,2228.596089881903,2246.880641972646
2184.996146517573,2206.4242889340967,2228.596089881903,2246.880641972646
2184.996146517573,2206.4242889340967,2228.596089881903,2246.880641972646
2184.996146517573,2206.4242889340967,2228.596089881903,2246.880641972646
