building_id,boundaries_xMin,boundaries_yMin,boundaries_xMax,boundaries_yMax,boundaries_zMax,boundaries_zMin
1.0,2185.0,2206.42,2228.6,2246.88,0.0,6.0
2.0,1706.88,1857.7,1733.0,1883.67,0.0,6.0
3.0,1476.58,1753.46,1534.54,1836.47,0.0,6.0
4.0,2073.98,2069.52,2163.68,2142.55,0.0,6.0
5.0,2173.35,2236.45,2219.25,2267.95,0.0,6.0
6.0,1511.18,1784.42,1542.13,1808.94,0.0,6.0
7.0,1328.83,1756.01,1398.37,1836.31,0.0,6.0
8.0,1394.54,2012.28,1520.44,2137.77,0.0,6.0
9.0,1767.81,2055.57,1806.83,2093.11,0.0,6.0
10.0,1688.77,1996.86,1782.14,2094.73,0.0,6.0
11.0,1418.96,1890.14,1486.12,1982.58,0.0,6.0
12.0,1777.73,1962.32,1854.27,2037.24,0.0,6.0
13.0,1733.84,2093.79,1773.57,2131.74,0.0,6.0
14.0,1633.34,1426.52,1706.48,1462.2,0.0,6.0
15.0,1318.79,2142.19,1390.77,2214.02,0.0,6.0
16.0,1290.56,2069.01,1325.3,2110.9,0.0,6.0
17.0,1273.06,2003.27,1293.82,2066.86,0.0,6.0
18.0,1286.71,2117.43,1329.43,2134.19,0.0,6.0
19.0,1826.76,1610.61,1916.85,1735.35,0.0,6.0
20.0,1979.3,2058.61,2140.99,2179.35,0.0,6.0
21.0,2484.18,1572.92,2496.83,1590.8,0.0,6.0
22.0,2402.75,2328.48,2497.46,2428.8,0.0,6.0
23.0,1854.97,1890.8,1887.19,1937.5,0.0,6.0
24.0,1788.83,1892.64,1818.72,1910.16,0.0,6.0
25.0,2170.87,1892.73,2193.75,1936.65,0.0,6.0
26.0,2158.14,1949.83,2215.63,2004.94,0.0,6.0
27.0,1834.28,1892.26,1850.33,1940.47,0.0,6.0
28.0,1866.46,1939.81,1888.47,1955.43,0.0,6.0
29.0,2113.97,1867.98,2136.0,1900.7,0.0,6.0
30.0,2093.51,1882.46,2112.24,1903.17,0.0,6.0
31.0,2363.0,1842.16,2413.51,1860.66,0.0,6.0
32.0,2362.48,1776.38,2414.68,1839.01,0.0,6.0
33.0,2274.75,1912.66,2292.54,1944.66,0.0,6.0
34.0,2298.78,1912.88,2316.75,1945.05,0.0,6.0
35.0,2323.79,1913.26,2341.69,1945.35,0.0,6.0
36.0,3530.75,2645.42,3540.71,2660.45,0.0,6.0
37.0,3591.93,2646.03,3607.74,2661.47,0.0,6.0
38.0,3918.7,2435.29,4014.15,2482.93,0.0,6.0
39.0,3585.08,2457.99,3633.02,2533.07,0.0,6.0
40.0,3795.15,2398.06,3907.59,2481.05,0.0,6.0
41.0,3776.39,2472.95,3878.27,2532.96,0.0,6.0
42.0,2592.85,2262.36,2635.12,2328.48,0.0,6.0
43.0,2587.34,2343.24,2624.54,2368.76,0.0,6.0
44.0,2537.47,2297.0,2575.19,2318.98,0.0,6.0
45.0,2581.37,2374.23,2621.39,2412.71,0.0,6.0
46.0,659.612,384.32,690.326,399.207,0.0,6.0
47.0,670.469,375.157,687.918,388.212,0.0,6.0
48.0,1994.05,1250.47,2029.13,1297.79,0.0,6.0
49.0,2066.01,1310.38,2118.67,1383.41,0.0,6.0
50.0,2036.58,1329.27,2081.57,1374.29,0.0,6.0
51.0,1973.52,1504.65,2011.24,1541.96,0.0,6.0
52.0,4211.75,2235.67,4238.58,2300.21,0.0,6.0
53.0,600.895,20.3692,675.123,113.25,0.0,6.0
54.0,349.469,587.644,382.219,625.448,0.0,6.0
55.0,1873.4,2038.32,1909.46,2078.37,0.0,6.0
56.0,1380.11,1729.88,1457.03,1745.55,0.0,6.0
57.0,1924.79,1358.87,2022.69,1456.34,0.0,6.0
58.0,2083.68,1251.12,2118.26,1281.55,0.0,6.0
59.0,1790.48,2258.72,1837.4,2282.83,0.0,6.0
60.0,2100.74,2033.46,2176.94,2081.31,0.0,6.0
61.0,2345.12,2041.87,2384.31,2089.37,0.0,6.0
62.0,1460.52,1721.72,1499.46,1770.3,0.0,6.0
63.0,633.173,435.482,650.107,469.328,0.0,6.0
64.0,337.417,320.732,360.098,345.021,0.0,6.0
65.0,1840.66,971.413,1866.98,997.268,0.0,6.0
66.0,1831.66,1090.2,1872.75,1121.8,0.0,6.0
67.0,1680.02,2360.69,1726.74,2405.67,0.0,6.0
68.0,4198.8,2231.77,4223.22,2295.45,0.0,6.0
69.0,4184.44,2228.21,4209.17,2291.69,0.0,6.0
70.0,4168.95,2224.3,4194.93,2288.1,0.0,6.0
71.0,4154.59,2220.16,4179.21,2283.82,0.0,6.0
72.0,4139.43,2215.18,4162.56,2279.45,0.0,6.0
73.0,4032.67,2198.62,4068.03,2255.47,0.0,6.0
74.0,4077.56,2078.48,4091.75,2093.94,0.0,6.0
75.0,3903.31,2011.06,3940.28,2062.12,0.0,6.0
76.0,2279.12,2239.49,2337.47,2255.2,0.0,6.0
77.0,2656.97,2126.37,2693.76,2170.78,0.0,6.0
78.0,614.115,666.036,626.783,680.258,0.0,6.0
79.0,403.844,889.313,426.094,916.716,0.0,6.0
80.0,340.658,843.146,364.099,861.94,0.0,6.0
81.0,339.118,855.29,357.448,871.309,0.0,6.0
82.0,211.308,782.175,238.843,800.753,0.0,6.0
83.0,162.954,817.621,185.529,833.597,0.0,6.0
84.0,643.324,305.602,705.968,346.968,0.0,6.0
85.0,737.711,278.014,766.045,297.446,0.0,6.0
86.0,571.621,1006.12,637.874,1101.56,0.0,6.0
87.0,608.472,920.62,631.073,946.97,0.0,6.0
88.0,538.656,1146.02,578.942,1231.41,0.0,6.0
89.0,617.72,877.543,657.209,900.023,0.0,6.0
90.0,645.34,777.026,695.182,827.43,0.0,6.0
91.0,560.048,1091.17,600.49,1137.89,0.0,6.0
92.0,0.0,1208.83,29.7897,1226.65,0.0,6.0
93.0,299.741,1227.84,319.136,1243.5,0.0,6.0
94.0,297.899,1219.6,312.807,1233.12,0.0,6.0
95.0,721.458,208.252,761.514,243.428,0.0,6.0
96.0,4066.3,2275.66,4173.92,2361.49,0.0,6.0
97.0,4078.39,2360.12,4134.43,2390.4,0.0,6.0
98.0,4026.24,2112.86,4087.81,2184.88,0.0,6.0
99.0,3964.83,1985.5,4069.82,2072.59,0.0,6.0
100.0,4071.39,1933.02,4104.84,1999.81,0.0,6.0
101.0,3899.25,1884.51,3940.15,1922.42,0.0,6.0
102.0,4178.11,1958.3,4212.4,2024.98,0.0,6.0
103.0,4103.49,2032.6,4142.16,2081.9,0.0,6.0
104.0,4091.51,2080.33,4132.4,2128.59,0.0,6.0
105.0,4177.36,2040.04,4283.73,2121.02,0.0,6.0
106.0,4098.91,2200.03,4138.44,2264.45,0.0,6.0
107.0,4002.25,2341.32,4039.42,2357.25,0.0,6.0
108.0,4112.91,1961.17,4170.52,1995.74,0.0,6.0
109.0,1514.91,1876.95,1520.94,1882.93,0.0,6.0
110.0,1521.83,1901.12,1556.96,1935.43,0.0,6.0
111.0,1019.84,538.175,1190.6,699.315,0.0,6.0
112.0,684.8,797.086,830.954,924.176,0.0,6.0
113.0,4323.9,324.642,4346.11,378.537,0.0,6.0
114.0,4346.09,364.22,4387.85,406.206,0.0,6.0
115.0,4356.12,336.067,4368.23,360.509,0.0,6.0
116.0,4167.74,62.1806,4210.63,108.24,0.0,6.0
117.0,4148.86,46.2039,4194.31,94.0203,0.0,6.0
118.0,4130.66,30.6669,4171.79,72.3257,0.0,6.0
119.0,4151.57,17.019,4210.33,68.4983,0.0,6.0
120.0,4117.23,55.6303,4175.68,109.659,0.0,6.0
121.0,4211.36,87.1351,4246.27,120.749,0.0,6.0
122.0,4194.78,105.631,4229.69,139.521,0.0,6.0
123.0,4256.88,95.2416,4295.88,134.275,0.0,6.0
124.0,4256.06,128.045,4270.49,141.251,0.0,6.0
125.0,4088.31,149.823,4115.86,186.784,0.0,6.0
126.0,4118.72,136.183,4198.15,176.446,0.0,6.0
127.0,4089.81,118.577,4121.79,149.745,0.0,6.0
128.0,4082.6,149.89,4090.9,158.212,0.0,6.0
129.0,4092.43,141.0,4098.48,146.819,0.0,6.0
130.0,4128.11,199.555,4138.2,207.177,0.0,6.0
131.0,4030.66,11.7004,4042.54,21.7568,0.0,6.0
132.0,3574.6,121.663,3587.87,145.218,0.0,6.0
133.0,3584.83,1.9457,3637.27,20.1446,0.0,6.0
134.0,3664.14,95.4783,3679.68,111.688,0.0,6.0
135.0,3667.04,76.2314,3682.3,91.2135,0.0,6.0
136.0,3669.71,56.7744,3684.93,72.3057,0.0,6.0
137.0,3672.36,38.6438,3687.92,53.6526,0.0,6.0
138.0,3634.3,35.2103,3661.4,108.137,0.0,6.0
139.0,3605.24,32.4864,3632.06,103.517,0.0,6.0
140.0,3576.36,27.7724,3603.48,100.108,0.0,6.0
141.0,3597.58,48.7906,3612.62,73.3646,0.0,6.0
142.0,3626.17,52.4553,3641.33,77.0574,0.0,6.0
143.0,3653.44,37.6999,3674.2,109.795,0.0,6.0
144.0,3615.67,112.678,3638.95,166.015,0.0,6.0
145.0,3558.62,167.45,3584.87,240.593,0.0,6.0
146.0,3586.64,171.39,3613.47,244.894,0.0,6.0
147.0,3614.78,174.733,3640.51,248.472,0.0,6.0
148.0,3646.03,236.226,3662.38,253.418,0.0,6.0
149.0,3648.91,216.792,3664.65,233.336,0.0,6.0
150.0,3651.69,197.9,3666.79,214.103,0.0,6.0
151.0,3654.51,178.797,3668.85,194.472,0.0,6.0
152.0,3632.6,177.913,3656.52,251.493,0.0,6.0
153.0,3605.82,203.108,3620.12,228.03,0.0,6.0
154.0,3577.57,198.947,3592.77,223.789,0.0,6.0
155.0,3511.94,173.092,3547.64,241.893,0.0,6.0
156.0,3467.1,179.936,3499.76,234.048,0.0,6.0
157.0,3451.71,144.167,3479.74,162.876,0.0,6.0
158.0,3423.4,83.4025,3488.63,131.257,0.0,6.0
159.0,3483.67,93.1282,3520.12,122.838,0.0,6.0
160.0,3507.88,123.711,3515.63,135.076,0.0,6.0
161.0,3533.91,51.6795,3561.99,88.9377,0.0,6.0
162.0,3489.15,11.371,3520.23,84.6003,0.0,6.0
163.0,3443.58,4.87252,3482.0,78.8993,0.0,6.0
164.0,3471.89,68.5975,3490.73,81.5207,0.0,6.0
165.0,3480.4,8.89002,3499.52,22.5587,0.0,6.0
166.0,3470.96,7.3629,3476.9,8.15446,0.0,6.0
167.0,3411.02,214.057,3465.38,243.044,0.0,6.0
168.0,3384.27,214.832,3412.13,237.833,0.0,6.0
169.0,3350.98,218.029,3384.7,233.747,0.0,6.0
170.0,3328.52,207.332,3352.25,225.414,0.0,6.0
171.0,3413.56,138.687,3437.63,169.875,0.0,6.0
172.0,3440.8,193.005,3453.7,219.494,0.0,6.0
173.0,3383.49,136.388,3403.9,180.129,0.0,6.0
174.0,3351.83,129.308,3380.24,183.952,0.0,6.0
175.0,3347.4,26.7182,3369.47,68.464,0.0,6.0
176.0,3355.07,4.53276,3424.83,14.5085,0.0,6.0
177.0,3376.54,78.1598,3413.2,111.25,0.0,6.0
178.0,3355.05,74.773,3379.68,103.003,0.0,6.0
179.0,3330.56,84.9701,3356.96,113.112,0.0,6.0
180.0,3613.01,255.157,3652.9,272.777,0.0,6.0
181.0,3567.31,249.691,3602.48,266.196,0.0,6.0
182.0,1703.97,623.896,1764.1,666.418,0.0,6.0
183.0,1772.79,642.333,1804.43,667.125,0.0,6.0
184.0,1766.55,626.868,1796.02,648.711,0.0,6.0
185.0,1749.91,682.211,1828.68,719.623,0.0,6.0
186.0,1846.69,689.142,1863.92,707.09,0.0,6.0
187.0,2190.9,398.51,2244.86,470.838,0.0,6.0
188.0,2259.11,311.631,2308.89,337.155,0.0,6.0
189.0,2326.74,272.304,2374.25,323.941,0.0,6.0
190.0,2353.61,319.574,2388.04,340.522,0.0,6.0
191.0,2268.12,436.988,2286.81,455.381,0.0,6.0
192.0,2264.68,384.019,2294.09,398.442,0.0,6.0
193.0,2294.38,389.051,2323.19,408.655,0.0,6.0
194.0,2329.11,392.366,2354.75,417.432,0.0,6.0
195.0,2275.93,406.568,2324.49,429.579,0.0,6.0
196.0,2290.04,422.534,2318.74,458.126,0.0,6.0
197.0,2313.94,426.69,2346.54,473.692,0.0,6.0
198.0,2272.24,394.794,2333.19,417.432,0.0,6.0
199.0,2396.07,582.197,2479.51,641.046,0.0,6.0
200.0,2363.22,634.998,2458.12,723.018,0.0,6.0
201.0,1981.14,757.875,2013.64,783.301,0.0,6.0
202.0,1531.27,2128.06,1598.39,2175.05,0.0,6.0
203.0,2111.02,2009.41,2188.23,2055.56,0.0,6.0
204.0,2120.95,1986.16,2197.7,2032.84,0.0,6.0
205.0,2528.37,2182.1,2549.43,2224.44,0.0,6.0
206.0,2728.41,1694.14,2761.93,1720.38,0.0,6.0
207.0,2395.46,2349.37,2430.11,2409.76,0.0,6.0
208.0,2085.72,720.989,2275.77,942.483,0.0,6.0
209.0,677.006,248.737,701.659,285.892,0.0,6.0
210.0,1524.21,1197.39,1546.73,1219.67,0.0,6.0
211.0,408.407,603.537,482.444,661.673,0.0,6.0
212.0,1341.91,815.062,1373.68,848.648,0.0,6.0
213.0,1219.83,1666.78,1242.41,1689.62,0.0,6.0
214.0,374.799,976.924,423.856,1026.17,0.0,6.0
215.0,440.483,1105.07,490.395,1161.07,0.0,6.0
216.0,649.531,2557.32,673.851,2589.18,0.0,6.0
217.0,4057.86,1885.24,4113.06,1918.2,0.0,6.0
218.0,3982.09,1868.85,4047.15,1901.96,0.0,6.0
219.0,4231.56,2332.23,4295.12,2421.04,0.0,6.0
220.0,851.084,974.285,883.125,1007.68,0.0,6.0
221.0,1968.44,1344.18,1998.1,1374.03,0.0,6.0
222.0,2005.27,1282.58,2033.07,1314.61,0.0,6.0
223.0,2032.99,1303.44,2046.04,1327.51,0.0,6.0
224.0,2022.95,1297.8,2035.18,1309.15,0.0,6.0
225.0,1820.91,1502.71,1868.0,1543.71,0.0,6.0
226.0,1819.21,1463.73,1883.03,1512.09,0.0,6.0
227.0,1827.94,1426.96,1874.95,1468.34,0.0,6.0
228.0,1875.43,1445.55,1955.58,1506.44,0.0,6.0
229.0,1967.11,1529.52,1998.34,1560.43,0.0,6.0
230.0,1944.38,1547.07,2058.0,1656.84,0.0,6.0
231.0,1955.36,1551.62,1980.36,1576.93,0.0,6.0
232.0,1927.25,1549.45,1950.93,1573.11,0.0,6.0
233.0,1908.57,1563.17,1957.14,1611.73,0.0,6.0
234.0,1894.62,1581.48,1935.3,1622.37,0.0,6.0
235.0,1942.1,1645.04,1956.07,1658.98,0.0,6.0
236.0,2007.93,1589.09,2098.75,1668.24,0.0,6.0
237.0,2089.43,1655.61,2132.36,1690.79,0.0,6.0
238.0,1478.58,1975.51,1530.14,2024.11,0.0,6.0
239.0,2110.34,1220.18,2138.57,1246.48,0.0,6.0
240.0,2135.3,1181.42,2170.54,1222.29,0.0,6.0
241.0,2244.51,1097.26,2290.52,1128.46,0.0,6.0
242.0,1656.19,1500.71,1700.97,1545.09,0.0,6.0
243.0,1514.68,2219.96,1556.35,2255.76,0.0,6.0
244.0,1578.78,2241.53,1595.39,2261.69,0.0,6.0
245.0,1929.71,1028.48,2049.85,1176.55,0.0,6.0
246.0,2030.91,1094.25,2148.21,1237.89,0.0,6.0
247.0,2129.36,1050.57,2164.21,1072.09,0.0,6.0
248.0,1973.11,970.825,2003.59,1003.87,0.0,6.0
249.0,2188.87,1240.4,2253.8,1317.32,0.0,6.0
250.0,2606.44,544.578,2622.34,561.13,0.0,6.0
251.0,1949.43,1528.18,1960.08,1538.42,0.0,6.0
252.0,2339.62,720.446,2389.91,775.117,0.0,6.0
253.0,1869.54,765.635,1880.23,775.854,0.0,6.0
254.0,1873.01,756.375,1883.16,765.941,0.0,6.0
255.0,1875.49,746.34,1886.26,757.058,0.0,6.0
256.0,1884.44,732.275,1895.33,742.907,0.0,6.0
257.0,2055.45,619.8,2078.49,638.235,0.0,6.0
258.0,1794.72,2082.43,1836.1,2122.68,0.0,6.0
259.0,1275.9,2092.99,1286.76,2103.52,0.0,6.0
260.0,2096.54,1361.77,2142.43,1407.15,0.0,6.0
261.0,2115.39,1383.54,2158.0,1424.69,0.0,6.0
262.0,2143.9,1406.73,2190.81,1455.29,0.0,6.0
263.0,2007.63,1423.51,2080.4,1495.61,0.0,6.0
264.0,2058.32,1485.91,2099.35,1527.36,0.0,6.0
265.0,2094.83,1451.52,2136.01,1491.06,0.0,6.0
266.0,2035.46,1464.52,2071.66,1501.16,0.0,6.0
267.0,2125.86,1421.84,2136.03,1432.47,0.0,6.0
268.0,2108.45,1425.7,2118.5,1435.99,0.0,6.0
269.0,2072.3,1428.79,2115.82,1471.33,0.0,6.0
270.0,2165.69,1384.75,2181.95,1401.49,0.0,6.0
271.0,2140.42,1925.86,2151.52,1938.17,0.0,6.0
272.0,2422.15,2198.89,2453.48,2242.4,0.0,6.0
273.0,2458.97,2193.11,2489.12,2235.06,0.0,6.0
274.0,2467.38,2100.17,2497.51,2142.09,0.0,6.0
275.0,1846.72,2432.85,1856.87,2443.8,0.0,6.0
276.0,2485.94,1774.15,2504.41,1796.48,0.0,6.0
277.0,1285.96,1055.2,1315.06,1086.21,0.0,6.0
278.0,2094.74,731.749,2135.97,758.45,0.0,6.0
279.0,2103.55,714.208,2145.02,739.907,0.0,6.0
280.0,2110.65,698.146,2152.14,723.94,0.0,6.0
281.0,2119.72,681.849,2159.81,706.793,0.0,6.0
282.0,1418.36,1749.67,1456.95,1773.47,0.0,6.0
283.0,2824.35,0.0,2835.96,10.6929,0.0,6.0
284.0,2852.53,1.54042,2868.19,17.3168,0.0,6.0
285.0,2307.77,1528.51,2335.82,1569.03,0.0,6.0
286.0,2212.04,1614.47,2240.56,1661.81,0.0,6.0
287.0,2301.55,1671.02,2329.39,1712.94,0.0,6.0
288.0,2084.92,1834.74,2100.91,1847.58,0.0,6.0
289.0,1622.49,1668.38,1639.18,1687.94,0.0,6.0
290.0,1482.05,1852.65,1501.96,1863.71,0.0,6.0
291.0,1980.67,2438.95,2016.99,2477.47,0.0,6.0
292.0,2017.36,2417.5,2045.03,2442.06,0.0,6.0
293.0,1963.1,2374.62,2027.33,2415.66,0.0,6.0
294.0,1937.12,2391.48,1967.6,2435.1,0.0,6.0
295.0,1898.59,2388.62,1943.72,2426.96,0.0,6.0
296.0,2055.91,2312.21,2075.13,2328.24,0.0,6.0
297.0,2074.41,2299.4,2092.22,2320.63,0.0,6.0
298.0,2035.55,2311.67,2055.44,2326.98,0.0,6.0
299.0,2050.88,2285.14,2076.96,2311.24,0.0,6.0
300.0,2041.77,2188.53,2081.91,2255.85,0.0,6.0
301.0,2024.87,2195.72,2041.63,2223.31,0.0,6.0
302.0,1971.88,2258.08,1982.13,2282.62,0.0,6.0
303.0,1956.45,2255.26,1971.22,2277.92,0.0,6.0
304.0,1937.75,2252.54,1955.16,2286.12,0.0,6.0
305.0,2090.6,1940.6,2122.16,1962.7,0.0,6.0
306.0,2291.94,687.412,2302.11,698.827,0.0,6.0
307.0,2379.69,790.568,2389.85,801.972,0.0,6.0
308.0,2324.18,545.097,2390.79,587.851,0.0,6.0
309.0,2586.49,384.208,2617.55,404.82,0.0,6.0
310.0,1881.28,816.02,1931.85,849.389,0.0,6.0
311.0,1947.47,622.582,2097.99,719.465,0.0,6.0
312.0,1733.0,1382.43,1766.35,1431.23,0.0,6.0
313.0,1757.96,1392.55,1791.31,1441.34,0.0,6.0
314.0,1713.2,1448.91,1722.09,1464.77,0.0,6.0
315.0,1718.13,1985.65,1736.64,2004.05,0.0,6.0
316.0,2296.29,588.968,2332.02,645.598,0.0,6.0
317.0,2336.49,621.261,2364.92,665.024,0.0,6.0
318.0,2311.85,598.457,2345.98,651.576,0.0,6.0
319.0,2144.78,530.043,2173.21,573.795,0.0,6.0
320.0,2170.35,529.552,2206.07,586.182,0.0,6.0
321.0,2192.94,544.213,2227.08,597.342,0.0,6.0
322.0,2219.66,556.384,2253.8,609.502,0.0,6.0
323.0,2251.84,921.964,2265.96,934.398,0.0,6.0
324.0,2090.8,929.056,2162.6,973.269,0.0,6.0
325.0,2250.17,988.942,2280.23,1027.53,0.0,6.0
326.0,2246.94,1554.16,2269.2,1588.33,0.0,6.0
327.0,2221.47,1546.88,2254.42,1601.91,0.0,6.0
328.0,2245.42,1203.75,2307.26,1253.86,0.0,6.0
329.0,1497.19,1522.42,1526.94,1535.7,0.0,6.0
330.0,1480.27,1629.26,1510.02,1642.55,0.0,6.0
331.0,1493.78,1662.18,1523.53,1675.46,0.0,6.0
332.0,1279.25,2077.6,1289.35,2088.6,0.0,6.0
333.0,1359.63,2187.75,1408.23,2235.11,0.0,6.0
334.0,1271.61,2251.42,1339.42,2276.36,0.0,6.0
335.0,1748.93,2289.59,1775.54,2331.25,0.0,6.0
336.0,1954.87,2307.7,1966.33,2321.67,0.0,6.0
337.0,1875.63,2261.58,1898.71,2292.73,0.0,6.0
338.0,1885.85,2219.64,1907.59,2242.65,0.0,6.0
339.0,2260.46,2104.93,2292.36,2115.35,0.0,6.0
340.0,2275.97,2057.54,2322.87,2081.77,0.0,6.0
341.0,2221.88,2117.97,2244.67,2149.98,0.0,6.0
342.0,2209.37,2144.43,2245.51,2170.06,0.0,6.0
343.0,2201.38,2160.82,2224.17,2192.83,0.0,6.0
344.0,2215.75,2167.45,2238.53,2199.47,0.0,6.0
345.0,2236.17,2124.95,2258.96,2156.96,0.0,6.0
346.0,2230.02,2174.9,2252.82,2206.91,0.0,6.0
347.0,2297.58,1871.36,2321.57,1880.53,0.0,6.0
348.0,2327.17,1871.22,2343.71,1880.14,0.0,6.0
349.0,2422.24,1943.24,2446.14,1987.42,0.0,6.0
350.0,2384.29,1886.14,2449.09,1941.5,0.0,6.0
351.0,1831.93,534.785,1981.62,690.53,0.0,6.0
352.0,2386.98,1287.16,2395.47,1294.53,0.0,6.0
353.0,2340.84,1245.7,2359.95,1260.19,0.0,6.0
354.0,2606.34,1158.62,2629.01,1180.17,0.0,6.0
355.0,2637.69,1121.69,2661.53,1141.7,0.0,6.0
356.0,2651.98,1076.39,2685.84,1099.76,0.0,6.0
357.0,2294.54,1194.38,2312.33,1212.23,0.0,6.0
358.0,2268.84,1140.04,2320.59,1201.67,0.0,6.0
359.0,2332.13,1482.57,2350.09,1497.47,0.0,6.0
360.0,2327.9,1464.39,2359.19,1489.88,0.0,6.0
361.0,2287.49,1434.29,2322.99,1472.8,0.0,6.0
362.0,2773.6,1775.0,2787.94,1789.08,0.0,6.0
363.0,2480.33,1797.98,2504.92,1813.65,0.0,6.0
364.0,2456.18,1776.59,2480.29,1813.54,0.0,6.0
365.0,2172.86,1800.17,2185.61,1852.84,0.0,6.0
366.0,2152.56,1826.75,2162.66,1843.92,0.0,6.0
367.0,1856.04,1727.7,1869.6,1739.9,0.0,6.0
368.0,1867.62,1719.77,1882.16,1733.27,0.0,6.0
369.0,1722.07,2254.78,1757.84,2278.43,0.0,6.0
370.0,1616.82,2081.68,1681.35,2100.32,0.0,6.0
371.0,1621.17,2016.64,1640.42,2038.03,0.0,6.0
372.0,1915.78,1877.12,1921.49,1883.61,0.0,6.0
373.0,1913.18,1864.02,1922.55,1873.27,0.0,6.0
374.0,1901.04,1868.1,1913.11,1892.41,0.0,6.0
375.0,1911.58,1750.8,1922.51,1773.82,0.0,6.0
376.0,1994.41,1750.32,2015.36,1774.13,0.0,6.0
377.0,1682.7,1837.09,1693.66,1846.72,0.0,6.0
378.0,2275.84,911.317,2285.29,919.534,0.0,6.0
379.0,2257.78,917.815,2296.63,958.878,0.0,6.0
380.0,2424.8,290.183,2464.68,310.996,0.0,6.0
381.0,2296.18,299.803,2305.84,310.319,0.0,6.0
382.0,1817.85,1414.58,1820.47,1417.18,0.0,6.0
383.0,1426.14,842.306,1454.83,871.913,0.0,6.0
384.0,1420.02,837.544,1443.37,861.94,0.0,6.0
385.0,1436.87,824.668,1461.34,847.9,0.0,6.0
386.0,1460.24,843.742,1475.92,859.255,0.0,6.0
387.0,1405.22,853.902,1425.66,870.995,0.0,6.0
388.0,1433.39,880.054,1452.76,902.758,0.0,6.0
389.0,1455.65,860.904,1471.68,876.94,0.0,6.0
390.0,1446.32,859.129,1455.25,867.797,0.0,6.0
391.0,1444.26,869.799,1462.09,887.323,0.0,6.0
392.0,1394.37,865.827,1416.45,887.54,0.0,6.0
393.0,1386.62,877.839,1402.79,898.022,0.0,6.0
394.0,1393.09,887.978,1412.28,907.294,0.0,6.0
395.0,1426.58,896.317,1440.89,910.615,0.0,6.0
396.0,1410.3,899.883,1433.09,922.065,0.0,6.0
397.0,1399.2,907.947,1423.63,934.475,0.0,6.0
398.0,2331.13,835.58,2361.38,855.066,0.0,6.0
399.0,2324.36,780.773,2408.01,848.161,0.0,6.0
400.0,1712.57,1970.39,1727.3,1983.93,0.0,6.0
401.0,1823.7,2333.77,1849.96,2349.15,0.0,6.0
402.0,1811.68,2288.25,1851.1,2328.83,0.0,6.0
403.0,2064.36,1381.62,2078.79,1396.05,0.0,6.0
404.0,1910.53,954.849,1946.76,993.312,0.0,6.0
405.0,1895.6,997.11,1917.82,1016.74,0.0,6.0
406.0,1914.82,1009.51,1937.31,1029.2,0.0,6.0
407.0,1875.71,1025.03,1923.27,1089.05,0.0,6.0
408.0,1842.31,1073.36,1883.2,1104.8,0.0,6.0
409.0,1821.45,1106.36,1861.35,1136.87,0.0,6.0
410.0,1898.22,1088.88,1949.88,1146.36,0.0,6.0
411.0,1452.37,1543.69,1462.88,1624.12,0.0,6.0
412.0,2042.15,1070.37,2096.72,1141.43,0.0,6.0
413.0,2021.49,1090.44,2055.9,1128.89,0.0,6.0
414.0,2010.39,1140.85,2035.27,1165.9,0.0,6.0
415.0,1990.45,1157.61,2032.26,1190.87,0.0,6.0
416.0,2069.3,1032.26,2114.71,1068.67,0.0,6.0
417.0,1830.29,2034.6,1870.66,2075.14,0.0,6.0
418.0,1610.46,2046.77,1638.43,2079.05,0.0,6.0
419.0,1775.9,1823.38,1795.15,1838.29,0.0,6.0
420.0,530.756,915.087,550.813,932.563,0.0,6.0
421.0,415.356,1543.25,437.118,1564.85,0.0,6.0
422.0,735.717,1173.99,757.306,1196.19,0.0,6.0
423.0,1181.12,1531.55,1217.86,1568.36,0.0,6.0
424.0,4176.3,22.3935,4261.13,57.5468,0.0,6.0
425.0,3371.25,142.335,3385.66,152.6,0.0,6.0
426.0,3635.87,9.4195,3688.14,26.7886,0.0,6.0
427.0,1095.64,2212.21,1107.97,2224.01,0.0,6.0
428.0,977.216,2587.44,985.882,2594.58,0.0,6.0
429.0,1103.0,1552.77,1136.93,1587.22,0.0,6.0
430.0,769.561,1100.49,784.537,1116.56,0.0,6.0
431.0,1128.51,1053.3,1153.42,1075.43,0.0,6.0
432.0,2392.48,1867.53,2418.99,1878.17,0.0,6.0
433.0,2423.01,1869.0,2450.17,1879.74,0.0,6.0
434.0,1480.83,1368.35,1504.1,1391.34,0.0,6.0
435.0,1490.67,1359.79,1513.15,1380.08,0.0,6.0
436.0,1501.0,1349.15,1526.66,1370.78,0.0,6.0
437.0,1518.56,1316.08,1541.54,1344.31,0.0,6.0
438.0,468.183,820.665,490.66,842.096,0.0,6.0
439.0,192.847,1149.56,240.395,1184.85,0.0,6.0
440.0,95.1335,1072.68,123.928,1105.4,0.0,6.0
441.0,138.606,1114.77,165.319,1145.23,0.0,6.0
442.0,415.123,1395.31,436.969,1410.33,0.0,6.0
443.0,420.768,1181.46,436.551,1198.55,0.0,6.0
444.0,1487.19,1022.93,1520.62,1064.64,0.0,6.0
445.0,840.014,638.398,869.451,666.358,0.0,6.0
446.0,839.385,114.313,883.521,147.765,0.0,6.0
447.0,768.172,394.492,785.512,409.582,0.0,6.0
448.0,753.034,390.839,760.94,406.503,0.0,6.0
449.0,764.724,378.692,787.501,397.296,0.0,6.0
450.0,761.7,362.926,794.309,383.824,0.0,6.0
451.0,771.263,350.172,796.576,367.288,0.0,6.0
452.0,769.159,330.843,795.904,350.455,0.0,6.0
453.0,805.406,387.47,820.351,413.64,0.0,6.0
454.0,821.184,353.07,846.68,371.148,0.0,6.0
455.0,817.978,336.7,839.61,353.266,0.0,6.0
456.0,827.402,321.637,839.32,337.445,0.0,6.0
457.0,819.361,305.914,842.969,321.559,0.0,6.0
458.0,823.596,283.676,835.719,304.196,0.0,6.0
459.0,788.975,278.94,802.186,298.933,0.0,6.0
460.0,773.972,277.068,786.102,297.742,0.0,6.0
461.0,755.381,423.601,782.903,440.873,0.0,6.0
462.0,745.944,434.285,778.43,455.882,0.0,6.0
463.0,736.733,449.135,762.137,481.911,0.0,6.0
464.0,797.65,435.462,814.277,457.05,0.0,6.0
465.0,830.734,438.524,847.138,464.927,0.0,6.0
466.0,704.409,473.704,724.08,497.69,0.0,6.0
467.0,696.883,517.598,711.921,533.411,0.0,6.0
468.0,680.709,575.77,697.581,590.18,0.0,6.0
469.0,686.606,565.98,717.788,582.514,0.0,6.0
470.0,723.056,103.136,750.002,118.168,0.0,6.0
471.0,722.079,399.926,751.109,419.437,0.0,6.0
472.0,728.329,180.819,757.54,196.613,0.0,6.0
473.0,731.305,194.693,759.812,211.537,0.0,6.0
474.0,760.651,173.094,793.27,192.833,0.0,6.0
475.0,770.135,203.963,795.473,221.714,0.0,6.0
476.0,1909.3,1509.99,1930.12,1533.03,0.0,6.0
477.0,1924.25,1501.03,1933.95,1511.82,0.0,6.0
478.0,1898.16,1503.32,1917.39,1526.05,0.0,6.0
479.0,1887.42,1523.3,1906.64,1546.03,0.0,6.0
480.0,1851.7,1465.13,1888.67,1489.42,0.0,6.0
481.0,1857.51,1425.52,1885.43,1446.39,0.0,6.0
482.0,1851.72,1549.34,1872.45,1565.66,0.0,6.0
483.0,1858.26,1533.34,1878.65,1556.07,0.0,6.0
484.0,1870.72,1514.63,1889.94,1537.36,0.0,6.0
485.0,1947.01,1500.6,1959.68,1513.18,0.0,6.0
486.0,1923.95,1520.21,1940.12,1536.41,0.0,6.0
487.0,1894.74,1539.8,1911.54,1556.05,0.0,6.0
488.0,1875.72,1542.99,1898.03,1569.47,0.0,6.0
489.0,1911.64,1499.1,1923.05,1508.72,0.0,6.0
490.0,1881.8,1503.36,1896.52,1516.85,0.0,6.0
491.0,3584.51,147.774,3602.22,161.771,0.0,6.0
492.0,3588.62,109.068,3607.15,123.36,0.0,6.0
493.0,3602.52,123.281,3611.46,132.016,0.0,6.0
494.0,1298.96,1847.29,1320.59,1856.58,0.0,6.0
495.0,1740.83,1352.38,1755.68,1373.22,0.0,6.0
496.0,3472.5,138.542,3476.36,142.384,0.0,6.0
497.0,3490.51,148.859,3495.08,153.413,0.0,6.0
498.0,2201.72,1939.43,2215.51,1953.88,0.0,6.0
499.0,2499.04,1075.92,2599.42,1152.83,0.0,6.0
500.0,2582.18,984.728,2698.71,1056.08,0.0,6.0
501.0,2541.03,1050.3,2584.96,1079.33,0.0,6.0
502.0,2474.51,1062.57,2511.51,1096.73,0.0,6.0
503.0,2470.08,1085.53,2497.14,1123.52,0.0,6.0
504.0,2475.58,1028.29,2502.6,1051.29,0.0,6.0
505.0,2499.54,1013.99,2526.34,1053.11,0.0,6.0
506.0,2522.39,1045.66,2540.01,1065.76,0.0,6.0
507.0,718.297,1053.03,738.036,1074.93,0.0,6.0
508.0,722.538,1051.85,749.295,1081.09,0.0,6.0
509.0,3484.48,59.2134,3489.8,64.4911,0.0,6.0
